{
  "windowSize": 12,
  "horizon": 1,
  "resampleRule": "5s",
  "maxGapSeconds": 12.5,
  "featureColumns": [
    "temperature",
    "humidity",
    "lightLux",
    "dustMgPerM3",
    "mq135AirQualityDeviation"
  ],
  "means": [
    30.743253707885742,
    74.97108459472656,
    70.37890625,
    0.13758118450641632,
    1.1139930486679077
  ],
  "scales": [
    1.6472707986831665,
    5.9043049812316895,
    128.3840789794922,
    0.005988714285194874,
    0.31993865966796875
  ],
  "targetMean": 75.02249908447266,
  "targetScale": 5.9073100090026855
}